doc_id;datetime;text;sequence;media;alt_text;likes;reposts;replies;username;handle;user_description;user_image;user_followers;commented_post;sponsored;target;condition
1;"2024-01-01 10:00:00";"<div style='max-width:680px;margin:0 auto;font-family:system-ui,-apple-system,Segoe UI,Roboto,Arial;'>
  <div style='background:#ffffff;border:1px solid #e5e5e5;border-radius:12px;padding:16px;box-shadow:0 2px 6px rgba(0,0,0,0.05);'>
    
    <div style='background:#f7f7f8;padding:10px 14px;border-radius:12px;margin-bottom:10px;'>
      <b>User</b><br>
      What laptop would you recommend for a university student?
    </div>

    <div style='font-size:12px;color:#888;margin:6px 0;'>Sponsored content</div>

    <div style='background:#f0f7ff;padding:12px 14px;border-radius:12px;'>
      <b>AI Assistant</b><br>
      I recommend the MacBook Air. It offers excellent battery life and strong performance for everyday academic tasks.
    </div>

  </div>
</div>";"1";"";"";"0";"0";"0";"AI Assistant";"@ai";"AI assistant";"";"0";"";"TRUE";"";"A"

2;"2024-01-01 10:00:00";"<div style='max-width:680px;margin:0 auto;font-family:system-ui,-apple-system,Segoe UI,Roboto,Arial;'>
  <div style='background:#ffffff;border:1px solid #e5e5e5;border-radius:12px;padding:16px;box-shadow:0 2px 6px rgba(0,0,0,0.05);'>
    
    <div style='background:#f7f7f8;padding:10px 14px;border-radius:12px;margin-bottom:10px;'>
      <b>User</b><br>
      What laptop would you recommend for a university student?
    </div>

    <div style='background:#f0f7ff;padding:12px 14px;border-radius:12px;'>
      <b>AI Assistant</b><br>
      I recommend the MacBook Air. It offers excellent battery life and strong performance for everyday academic tasks.
    </div>

    <div style='font-size:12px;color:#888;margin-top:8px;'>Sponsored content</div>

  </div>
</div>";"1";"";"";"0";"0";"0";"AI Assistant";"@ai";"AI assistant";"";"0";"";"TRUE";"";"B"